"Refs","Value","Footprint","Manufacturer","MPN","Status","Qty","DNP","Spec","Note"
"C1,C3,C5,C9,C10,C14,C17","100n","Capacitor_SMD:C_0603_1608Metric","","","","7","","X7R/X5R, >=10 V","VDD decoupling,VDDIO decoupling"
"C2,C12","10u","Capacitor_SMD:C_0805_2012Metric","","","","2","","X5R 10 V",""
"C4,C8","4.7u","Capacitor_SMD:C_0805_2012Metric","","","","2","","X5R 10 V","Local bulk at carrier VIN"
"C6,C11","1u","Capacitor_SMD:C_0603_1608Metric","","","","2","","X7R/X5R, >=10 V",""
"C7","2.2u","Capacitor_SMD:C_0805_2012Metric","","","","1","","X5R 10 V (>=1 uF effective)",""
"C13","220n","Capacitor_SMD:C_0603_1608Metric","","","","1","","X7R/X5R, >=10 V","PWM filter"
"C15,C16","1n","Capacitor_SMD:C_0603_1608Metric","","","","2","DNP","X7R/X5R, >=10 V","DNP_OPTION compensation"
"C18,C19","22p","Capacitor_SMD:C_0603_1608Metric","","","","2","DNP","C0G 50 V","DNP_OPTION: Pololu suggests tens of pF if its shifter oscillates on long leads,DNP_OPTION: as C18; BENCH_VERIFY with the real host cable length"
"D1","SMF5V0A","Diode_SMD:D_SMF","Vishay/Littelfuse","SMF5V0A-E3-08","CANDIDATE","1","","","Unidirectional 5 V TVS on host 5 V input (Zener symbol used for K/A polarity)"
"D2","GREEN","LED_SMD:LED_0603_1608Metric","","","GENERIC","1","","","Firmware status LED via expander P7 (active high)"
"FID1,FID2","Fiducial","Fiducial:Fiducial_1mm_Mask2mm","","","","2","","",""
"H1","DATUM_PRIMARY","MountingHole:MountingHole_2.2mm_M2","","","","1","","","Primary locating hole (pin/shoulder screw). Position from Fusion."
"H2","DATUM_SLOT","MountingHole:MountingHole_2.2mm_M2","","","","1","","","Becomes a slot at layout (anti-rotation). Position from Fusion."
"H3","CLAMP","MountingHole:MountingHole_2.2mm_M2","","","","1","","","Clamp-only screw; does not locate."
"H4,H5,H6,H7","CAM_MNT","MountingHole:MountingHole_2.2mm_M2","","","","4","","","Camera module standoff (PROVISIONAL),Camera module standoff. PROVISIONAL Pi-camera 21 x 12.5 mm pattern; MEASURE selected Arducam board (T5)."
"J1","HOST_14P_TBD","Connector_JST:JST_GH_SM14B-GHS-TB_1x14-1MP_P1.25mm_Horizontal","JST","SM14B-GHS-TB(LF)(SN)","PROVISIONAL","1","","","Connector family/pin order not frozen; mates GHR-14V-S"
"J2","QWIIC_BUS_A","Connector_JST:JST_SH_SM04B-SRSS-TB_1x04-1MP_P1.00mm_Horizontal","JST","SM04B-SRSS-TB(LF)(SN)","SELECTED","1","","","Qwiic pinout 1 GND 2 3V3 3 SDA 4 SCL (matches UNO Q QWIIC1)"
"J3","LIGHT_BOARD_1","Connector_JST:JST_GH_SM02B-GHS-TB_1x02-1MP_P1.25mm_Horizontal","JST","SM02B-GHS-TB(LF)(SN)","PROVISIONAL","1","","","Pin1 LED anode (+5V_ILLUM), pin2 LED cathode (sink)"
"J4","LIGHT_BOARD_2","Connector_JST:JST_GH_SM02B-GHS-TB_1x02-1MP_P1.25mm_Horizontal","JST","SM02B-GHS-TB(LF)(SN)","PROVISIONAL","1","","",""
"JP1","ILLUM_KILL","Jumper:SolderJumper-2_P1.3mm_Open_RoundedPad1.0x1.5mm","","","OPEN by default","1","","","Close to permanently disable illumination"
"M1","Pololu #3419","PlatypusOne:Pololu_3419_VL53L8CX_Carrier_THT","Pololu","3419","SELECTED (Rev A)","1","","","Contains VL53L8CX; 100 mA typ / 150 mA peak per Pololu"
"Q1,Q2","BCP56-16","Package_TO_SOT_SMD:SOT-223-3_TabPin2","Nexperia","BCP56-16,115","CANDIDATE","2","","","Linear pass element; BJT chosen for linear-mode SOA over small trench MOSFETs"
"R1,R2,R3,R4","4.7k","Resistor_SMD:R_0603_1608Metric","","","","4","DNP","1% 0.1W","DNP_OPTION Pololu shifter has 10k,DNP_OPTION host has 2.2k"
"R5","49.9k","Resistor_SMD:R_0603_1608Metric","","","","1","","0.5% 0.1W (sets ToF rail band)","Vout 3.29 V (52.3k = 3.43 V fallback, see ICD 5a)"
"R6,R14,R17,R24,R26","10k","Resistor_SMD:R_0603_1608Metric","","","","5","","0.5% 0.1W (sets ToF rail band),1% 0.1W","FAULT open-drain pull-up,Set divider bottom; defines OFF when host floats,TCA9534 INT is open-drain,Vout set (bottom),Write-protect by default"
"R7,R13,R28,R29,R30","100k","Resistor_SMD:R_0603_1608Metric","","","","5","","1% 0.1W","Defined level until INT1 enabled,Defined level until INT2 enabled,Defines expander P2 when R10 is DNP,Illumination OFF at power-up,ToF rail OFF at power-up"
"R8","10k","Resistor_SMD:R_0603_1608Metric","","","","1","DNP","1% 0.1W","DNP_OPTION TOF_FORCE_ON (bench)"
"R9,R11","0","Resistor_SMD:R_0603_1608Metric","","","","2","","0 ohm jumper","I2C address 0x68 (populated),I2C mode strap (populated)"
"R10,R12","0","Resistor_SMD:R_0603_1608Metric","","","","2","DNP","0 ohm jumper","DNP_OPTION address 0x69,DNP_OPTION: expander controls SPI/I2C pin (remove R9 first)"
"R15","40.2k","Resistor_SMD:R_0603_1608Metric","","","","1","","1% 0.1W","Current limit ~650 mA nom (BENCH_VERIFY vs host 5 V)"
"R16","120k","Resistor_SMD:R_0603_1608Metric","","","","1","","1% 0.1W","Set divider top"
"R18,R19","470","Resistor_SMD:R_0603_1608Metric","","","","2","","1% 0.1W","Base drive"
"R20,R21,R25,R27","1k","Resistor_SMD:R_0603_1608Metric","","","","4","","1% 0.1W","Feedback,Series so JP1 can override the expander without a short,~1 mA status LED"
"R22,R23","1","Resistor_SMD:R_1206_3216Metric","","","","2","","1% 0.25W+ sense","I_LED1 = V(TP27) / 1 ohm,I_LED2 = V(TP28) / 1 ohm"
"SH1","0.05","Resistor_SMD:R_1206_3216Metric","","","","1","","1% 0.5W current shunt","Head 5 V current measurement; Kelvin TPs TP1/TP2"
"SH2","0.1","Resistor_SMD:R_0805_2012Metric","","","","1","","1% 0.25W current shunt","ToF current measurement; Kelvin TPs TP6/TP7"
"SH3","1","Resistor_SMD:R_0603_1608Metric","","","","1","","1% 0.1W current shunt","Logic 3V3 current measurement; Kelvin TPs TP4/TP5"
"TP1","+5V_HOST","TestPoint:TestPoint_Pad_D1.5mm","","","","1","","",""
"TP2","+5V_HEAD","TestPoint:TestPoint_Pad_D1.5mm","","","","1","","",""
"TP3","+5V_ILLUM","TestPoint:TestPoint_Pad_D1.5mm","","","","1","","",""
"TP4","+3V3_HOST","TestPoint:TestPoint_Pad_D1.5mm","","","","1","","",""
"TP5","+3V3_LOGIC","TestPoint:TestPoint_Pad_D1.5mm","","","","1","","",""
"TP6","TOF_LDO_OUT","TestPoint:TestPoint_Pad_D1.5mm","","","","1","","",""
"TP7","+3V3_TOF","TestPoint:TestPoint_Pad_D1.5mm","","","","1","","",""
"TP8","TOF_AVDD","TestPoint:TestPoint_Pad_D1.5mm","","","","1","","",""
"TP9","TOF_CORE_1V8","TestPoint:TestPoint_Pad_D1.5mm","","","","1","","",""
"TP10,TP11,TP12","GND","TestPoint:TestPoint_Keystone_5019_Miniature","","","","3","","",""
"TP13","I2C_A_SCL","TestPoint:TestPoint_Pad_D1.5mm","","","","1","","",""
"TP14","I2C_A_SDA","TestPoint:TestPoint_Pad_D1.5mm","","","","1","","",""
"TP15","I2C_B_SCL","TestPoint:TestPoint_Pad_D1.5mm","","","","1","","",""
"TP16","I2C_B_SDA","TestPoint:TestPoint_Pad_D1.5mm","","","","1","","",""
"TP17","TOF_INT_N","TestPoint:TestPoint_Pad_D1.5mm","","","","1","","",""
"TP18","TOF_SYNC","TestPoint:TestPoint_Pad_D1.5mm","","","","1","","",""
"TP19","TOF_LPN","TestPoint:TestPoint_Pad_D1.5mm","","","","1","","",""
"TP20","TOF_PWR_EN","TestPoint:TestPoint_Pad_D1.5mm","","","","1","","",""
"TP21","IMU_INT1","TestPoint:TestPoint_Pad_D1.5mm","","","","1","","",""
"TP22","IMU_INT2","TestPoint:TestPoint_Pad_D1.5mm","","","","1","","",""
"TP23","ILLUM_SET","TestPoint:TestPoint_Pad_D1.5mm","","","","1","","",""
"TP24","ILLUM_VSET","TestPoint:TestPoint_Pad_D1.5mm","","","","1","","",""
"TP25","ILLUM_EN","TestPoint:TestPoint_Pad_D1.5mm","","","","1","","",""
"TP26","ILLUM_FAULT_N","TestPoint:TestPoint_Pad_D1.5mm","","","","1","","",""
"TP27","ILED1_SENSE","TestPoint:TestPoint_Pad_D1.5mm","","","","1","","",""
"TP28","ILED2_SENSE","TestPoint:TestPoint_Pad_D1.5mm","","","","1","","",""
"TP29","EXP_INT_N","TestPoint:TestPoint_Pad_D1.5mm","","","","1","","",""
"TP30","TOF_I2C_RST_OPT","TestPoint:TestPoint_Pad_D1.5mm","","","","1","","",""
"TP31","EEPROM_WP","TestPoint:TestPoint_Pad_D1.5mm","","","","1","","",""
"U1","TLV75801PDBVR","Package_TO_SOT_SMD:SOT-23-5","Texas Instruments","TLV75801PDBVR","SELECTED","1","","","500 mA adj LDO, 1% Vref, active discharge, ISC 350 mA; Pololu peak ~150 mA"
"U2","BMI270","PlatypusOne:Bosch_LGA-14_3x2.5mm_P0.5mm_BoschLand","Bosch Sensortec","BMI270","SELECTED","1","","","Active part (BNO055 is NRND). I2C 0x68."
"U3","TPS2553DBVR","Package_TO_SOT_SMD:SOT-23-6","Texas Instruments","TPS2553DBVR","SELECTED","1","","","Current-limited 5 V switch for LED rail; FAULT -> expander P5"
"U4","TLV9062IDR","Package_SO:SOIC-8_3.9x4.9mm_P1.27mm","Texas Instruments","TLV9062IDR","SELECTED","1","","","RRIO dual op-amp, 1.8-5.5 V; supplied from +3V3_LOGIC"
"U5","AT24CS32-STUM-T","Package_TO_SOT_SMD:SOT-23-5","Microchip","AT24CS32-STUM-T","SELECTED","1","","","32 Kbit + 128-bit serial (0x58, dummy write 0x0800, read 16 B); fixed 0x50; JLC stock thin 2026-10-05, alt 24AA025E48T"
"U6","TCA9534PWR","Package_SO:TSSOP-16_4.4x5mm_P0.65mm","Texas Instruments","TCA9534PWR","SELECTED","1","","","0x20. P0 TOF_PWR_EN out, P1 TOF_LPN (input unless addr change), P2 spare/TOF I2C reset opt, P3 ILLUM_EN_REQ out (via R27), P4 EEPROM_WP out, P5 ILLUM_FAULT_N in, P6 IMU_INT2 in, P7 STATUS_LED out"
